method,client_id,num_runs,data_size_mean,data_size_std,selection_count_mean,selection_count_std,accepted_update_count_mean,accepted_update_count_std,rejected_update_count_mean,rejected_update_count_std,acceptance_rate_mean,acceptance_rate_std,selection_freshness_score_mean,selection_freshness_score_std,selection_pressure_mean,selection_pressure_std,diversity_score_mean,diversity_score_std,historical_utility_mean,historical_utility_std,reliability_score_mean,reliability_score_std,battery_level_mean,battery_level_std,network_latency_mean,network_latency_std
flat_fedavg_random,C1,5,61.6,23.66938951472978,3.4,1.2,3.4,1.2,0,0.0,1.0,0.0,0.35,0.3391164991562634,1.0,0.0,0.5066778901105419,0.058355218744592006,0.45310620056395484,0.14789669329217875,0.7883447671727978,0.0892593918650115,41.8,12.734205903785284,85.2,27.432827050816325
flat_fedavg_random,C10,5,76.8,24.028316628511455,4.2,0.7483314773547883,4.2,0.7483314773547883,0,0.0,1.0,0.0,0.15,0.3,1.0,0.0,0.5675337120104205,0.056495974852612006,0.5074283666922957,0.058600882169341506,0.8455708687387102,0.02970637598029752,46.8,16.436544649043483,70.2,37.2687536684553
flat_fedavg_random,C11,5,56,5.656854249492381,4,0.8944271909999159,4,0.8944271909999159,0,0.0,1.0,0.0,0.2,0.18708286933869708,1.0,0.0,0.5881267514167485,0.07530206951584553,0.5876378877577905,0.1456877479260732,0.8669809459561416,0.07424216088191243,49.6,15.512575543732252,57.6,12.784365451597509
flat_fedavg_random,C12,5,65,20.630075133164205,4,0.6324555320336759,4,0.6324555320336759,0,0.0,1.0,0.0,0.35,0.1224744871391589,1.0,0.0,0.5844715087615917,0.048475630888676145,0.5631988219825514,0.11834463552367921,0.8534022405142923,0.05640693481633232,50.2,22.61327044016411,70,34.158454297582026
flat_fedavg_random,C13,5,76.6,17.165080832900262,5.4,0.4898979485566356,5.4,0.4898979485566356,0,0.0,1.0,0.0,0.35,0.2,1.0,0.0,0.48543156283261973,0.12846777233849493,0.45115302084573106,0.1672576340287002,0.7998854880013264,0.0831169704700446,48,21.60555484129024,69.8,29.226015807838056
flat_fedavg_random,C14,5,82.8,37.231169737197355,4.6,1.624807680927192,4.6,1.624807680927192,0,0.0,1.0,0.0,0.1,0.2,1.0,0.0,0.6008894056715586,0.045169761846957576,0.5346195440192374,0.1013562067575402,0.8258167632369716,0.04792503958434393,56.4,11.46472851837321,70.4,45.292825038851355
flat_fedavg_random,C15,5,62,5.253570214625479,3.8,0.4,3.8,0.4,0,0.0,1.0,0.0,0.1,0.2,1.0,0.0,0.5882539958119308,0.04391296323771511,0.5901407956403149,0.08980924271192997,0.8406567009135136,0.038418699848658235,38.8,16.117071694324622,84.4,18.24938355123263
flat_fedavg_random,C16,5,77.4,14.554724318928201,3,0.8944271909999159,3,0.8944271909999159,0,0.0,1.0,0.0,0.3,0.4,1.0,0.0,0.5457691093027287,0.0648921020609554,0.5364418747651154,0.11132736239652614,0.8326865190681464,0.05351074662029142,49.2,17.679366504487653,49.8,32.91443452347313
flat_fedavg_random,C17,5,64.8,13.6,3.2,1.1661903789690602,3.2,1.1661903789690602,0,0.0,1.0,0.0,0.5,0.3535533905932738,1.0,0.0,0.5134067456455329,0.10659510199165083,0.44624172357133063,0.10159184393147519,0.8231337219942794,0.05552219090159347,57,16.024980499208105,44,39.084523791393444
flat_fedavg_random,C18,5,72.4,29.213695418416343,2.6,1.624807680927192,2.6,1.624807680927192,0,0.0,0.8,0.4,0.45,0.458257569495584,0.8,0.4,0.5099235665774904,0.10230694022717893,0.49299792452970354,0.10689267012864137,0.8180735057924449,0.024216584213771875,45,20.189105973271822,44,36.41977484828812
flat_fedavg_random,C19,5,53.8,21.664717861075413,5,1.0954451150103321,5,1.0954451150103321,0,0.0,1.0,0.0,0.35,0.37416573867739417,1.0,0.0,0.5588771595362756,0.06914391411219949,0.4891311308294101,0.0664337473210021,0.8170010010987386,0.022070241963527266,47.6,16.16910634512619,76.6,48.27670245573945
flat_fedavg_random,C2,5,76.4,22.38392280186831,2.6,1.3564659966250536,2.6,1.3564659966250536,0,0.0,1.0,0.0,0.45,0.33166247903553997,1.0,0.0,0.5858650438440219,0.03927282369017501,0.544943866758113,0.13292826635780727,0.8471834408752268,0.06891159033377692,41,10.411532067856296,40.2,17.83704011320264
flat_fedavg_random,C20,5,98.2,26.40757467091592,4.4,0.4898979485566356,4.4,0.4898979485566356,0,0.0,1.0,0.0,0.4,0.406201920231798,1.0,0.0,0.6118265632430223,0.030261771555823998,0.5889725624235089,0.06212383205188782,0.8580292317445563,0.03196429929565645,42.4,18.778711350888802,83.8,32.43084951092092
flat_fedavg_random,C3,5,58.8,18.214280112043955,5.4,0.8,5.4,0.8,0,0.0,1.0,0.0,0.25,0.27386127875258304,1.0,0.0,0.5314800268144226,0.06552564936065787,0.4247542812177323,0.07461493687910559,0.7995286195419851,0.051712016673425,43.4,18.084247288731707,82.8,22.990432792794483
flat_fedavg_random,C4,5,82.8,25.43540839066674,3.2,1.7204650534085253,3.2,1.7204650534085253,0,0.0,1.0,0.0,0.4,0.4898979485566356,1.0,0.0,0.512343531826066,0.05401881494188358,0.5151104092829162,0.06192880683854425,0.8216694766279394,0.02412245843286204,55,19.88969582472291,47.8,39.280529527998986
flat_fedavg_random,C5,5,64.8,17.16275036233995,5.4,0.8,5.4,0.8,0,0.0,1.0,0.0,0.4,0.3391164991562634,1.0,0.0,0.5844102277854324,0.04268519921469717,0.5222518711408985,0.07520115624750398,0.8273556257313066,0.04853783527426634,47.2,14.048487463068756,92.4,27.63765547219952
flat_fedavg_random,C6,5,79,27.24701818548224,3.6,1.8547236990991407,3.6,1.8547236990991407,0,0.0,1.0,0.0,0.2,0.29154759474226505,1.0,0.0,0.5417364404121807,0.059261337171933194,0.5880052635951375,0.11488579290770466,0.8702527538026641,0.038018364918414545,55.4,12.737346662472527,48.8,19.913814300630605
flat_fedavg_random,C7,5,85.8,27.117522010685267,3.6,1.3564659966250536,3.6,1.3564659966250536,0,0.0,1.0,0.0,0.55,0.4,1.0,0.0,0.5267311757536163,0.0696135896972595,0.5081801253058499,0.11284352345609303,0.8070454574969224,0.05632616605844694,37.6,13.92264342716569,66,37.44329045369811
flat_fedavg_random,C8,5,75,16.29723902997069,4,1.8973665961010275,4,1.8973665961010275,0,0.0,1.0,0.0,0.35,0.25495097567963926,1.0,0.0,0.5433842228242708,0.05382531445967922,0.4745413651897268,0.14785726391444254,0.8249761292113296,0.07066811388251816,51.6,18.05103875127412,77.8,34.33598695246723
flat_fedavg_random,C9,5,67,14.791889669680478,4.6,1.3564659966250536,4.6,1.3564659966250536,0,0.0,1.0,0.0,0.2,0.18708286933869708,1.0,0.0,0.5609180386353718,0.08773899775211681,0.5337780159042684,0.1566263900691307,0.8281260181694311,0.07889382415945016,50.4,13.032267646115928,56.2,22.03088740836374
hierarchical_intelligent_fedavg,C1,5,61.6,23.66938951472978,2,2.280350850198276,2,2.280350850198276,0,0.0,0.6,0.4898979485566356,0.7,0.3674234614174767,0.6,0.4898979485566356,0.5066778901105419,0.058355218744592006,0.5676991066304755,0.10147432788682507,0.8251809074224987,0.04471668290767941,41.8,12.734205903785284,85.2,27.432827050816325
hierarchical_intelligent_fedavg,C10,5,76.8,24.028316628511455,3.4,3.5552777669262356,3.4,3.5552777669262356,0,0.0,0.8,0.4,0.4,0.4898979485566356,0.8,0.4,0.5675337120104205,0.056495974852612006,0.5721565629230668,0.032178924666632004,0.8879372116115035,0.048614771713741074,46.8,16.436544649043483,70.2,37.2687536684553
hierarchical_intelligent_fedavg,C11,5,56,5.656854249492381,6.2,3.7094473981982814,6.2,3.7094473981982814,0,0.0,0.8,0.4,0.25,0.3872983346207417,0.8,0.4,0.5881267514167485,0.07530206951584553,0.658395803169166,0.1561909809244042,0.9058767368082675,0.07802079880752011,49.6,15.512575543732252,57.6,12.784365451597509
hierarchical_intelligent_fedavg,C12,5,65,20.630075133164205,6,4.898979485566356,6,4.898979485566356,0,0.0,0.6,0.4898979485566356,0.4,0.4898979485566356,0.6,0.4898979485566356,0.5844715087615917,0.048475630888676145,0.6188493984651403,0.047644861731883745,0.8681587948410837,0.031834124996772566,50.2,22.61327044016411,70,34.158454297582026
hierarchical_intelligent_fedavg,C13,5,76.6,17.165080832900262,2.2,3.4871191548325386,2.2,3.4871191548325386,0,0.0,0.4,0.4898979485566356,0.65,0.43588989435406733,0.4,0.4898979485566356,0.48543156283261973,0.12846777233849493,0.5946052632289247,0.11502586232069772,0.8899855373341564,0.052643870380196425,48,21.60555484129024,69.8,29.226015807838056
hierarchical_intelligent_fedavg,C14,5,82.8,37.231169737197355,5,4.1952353926806065,5,4.1952353926806065,0,0.0,0.8,0.4,0.5,0.4472135954999579,0.8,0.4,0.6008894056715586,0.045169761846957576,0.5610296999023082,0.11596726176486506,0.8352091469897981,0.05952494763713836,56.4,11.46472851837321,70.4,45.292825038851355
hierarchical_intelligent_fedavg,C15,5,62,5.253570214625479,0.8,0.7483314773547883,0.8,0.7483314773547883,0,0.0,0.6,0.4898979485566356,0.8,0.4,0.6,0.4898979485566356,0.5882539958119308,0.04391296323771511,0.5913467416482855,0.0500896308442543,0.8224137647369075,0.06484330388486059,38.8,16.117071694324622,84.4,18.24938355123263
hierarchical_intelligent_fedavg,C16,5,77.4,14.554724318928201,5.8,3.919183588453085,5.8,3.919183588453085,0,0.0,0.8,0.4,0.3,0.4,0.8,0.4,0.5457691093027287,0.0648921020609554,0.580956108400996,0.11023848390142281,0.8629565879614964,0.0469864269167859,49.2,17.679366504487653,49.8,32.91443452347313
hierarchical_intelligent_fedavg,C17,5,64.8,13.6,4.6,4.454211490264018,4.6,4.454211490264018,0,0.0,0.8,0.4,0.4,0.37416573867739417,0.8,0.4,0.5134067456455329,0.10659510199165083,0.5241495786502659,0.09016786800525396,0.8670817488345928,0.03897691465604509,57,16.024980499208105,44,39.084523791393444
hierarchical_intelligent_fedavg,C18,5,72.4,29.213695418416343,2.8,1.1661903789690602,2.8,1.1661903789690602,0,0.0,1.0,0.0,0.3,0.2449489742783178,1.0,0.0,0.5099235665774904,0.10230694022717893,0.5059288899396179,0.023036771501744924,0.8415732354013603,0.03926943955482961,45,20.189105973271822,44,36.41977484828812
hierarchical_intelligent_fedavg,C19,5,53.8,21.664717861075413,3.6,4.127953488110059,3.6,4.127953488110059,0,0.0,0.6,0.4898979485566356,0.6,0.4898979485566356,0.6,0.4898979485566356,0.5588771595362756,0.06914391411219949,0.5765430035548744,0.10602818529008506,0.8661524810828971,0.06434334400181044,47.6,16.16910634512619,76.6,48.27670245573945
hierarchical_intelligent_fedavg,C2,5,76.4,22.38392280186831,5.8,2.6381811916545836,5.8,2.6381811916545836,0,0.0,1.0,0.0,0.15,0.1224744871391589,1.0,0.0,0.5858650438440219,0.03927282369017501,0.5257339504785611,0.16352313014707695,0.8268279365644129,0.0834374837854452,41,10.411532067856296,40.2,17.83704011320264
hierarchical_intelligent_fedavg,C20,5,98.2,26.40757467091592,3,3.3466401061363023,3,3.3466401061363023,0,0.0,0.6,0.4898979485566356,0.6,0.4898979485566356,0.6,0.4898979485566356,0.6118265632430223,0.030261771555823998,0.6281424880819843,0.04292836936980212,0.8581066933899537,0.0243437988530461,42.4,18.778711350888802,83.8,32.43084951092092
hierarchical_intelligent_fedavg,C3,5,58.8,18.214280112043955,2.6,2.6532998322843198,2.6,2.6532998322843198,0,0.0,0.6,0.4898979485566356,0.6,0.4898979485566356,0.6,0.4898979485566356,0.5314800268144226,0.06552564936065787,0.5468105450301665,0.0869980105484117,0.8702395743858692,0.05309149296120608,43.4,18.084247288731707,82.8,22.990432792794483
hierarchical_intelligent_fedavg,C4,5,82.8,25.43540839066674,6.4,4.127953488110059,6.4,4.127953488110059,0,0.0,0.8,0.4,0.2,0.4,0.8,0.4,0.512343531826066,0.05401881494188358,0.5632892699061203,0.06911420490212457,0.840295782669694,0.025702055452219034,55,19.88969582472291,47.8,39.280529527998986
hierarchical_intelligent_fedavg,C5,5,64.8,17.16275036233995,3.8,3.8157568056677826,3.8,3.8157568056677826,0,0.0,0.6,0.4898979485566356,0.45,0.458257569495584,0.6,0.4898979485566356,0.5844102277854324,0.04268519921469717,0.637460366193936,0.06000223247903153,0.8719588519604441,0.039516049206194906,47.2,14.048487463068756,92.4,27.63765547219952
hierarchical_intelligent_fedavg,C6,5,79,27.24701818548224,7.2,3.1874754901018454,7.2,3.1874754901018454,0,0.0,1.0,0.0,0.15,0.2,1.0,0.0,0.5417364404121807,0.059261337171933194,0.5579555300686082,0.09166353545487503,0.85247343439484,0.029790708618813957,55.4,12.737346662472527,48.8,19.913814300630605
hierarchical_intelligent_fedavg,C7,5,85.8,27.117522010685267,1.4,1.8547236990991407,1.4,1.8547236990991407,0,0.0,0.6,0.4898979485566356,0.75,0.31622776601683794,0.6,0.4898979485566356,0.5267311757536163,0.0696135896972595,0.6131656988383677,0.046259203404788125,0.8426517175414722,0.029389132013289115,37.6,13.92264342716569,66,37.44329045369811
hierarchical_intelligent_fedavg,C8,5,75,16.29723902997069,3.8,3.249615361854384,3.8,3.249615361854384,0,0.0,1.0,0.0,0.6,0.37416573867739417,1.0,0.0,0.5433842228242708,0.05382531445967922,0.5375228623499028,0.1617934316812363,0.8696923317885015,0.06455796761165523,51.6,18.05103875127412,77.8,34.33598695246723
hierarchical_intelligent_fedavg,C9,5,67,14.791889669680478,3.6,3.6110940170535577,3.6,3.6110940170535577,0,0.0,0.8,0.4,0.35,0.43588989435406733,0.8,0.4,0.5609180386353718,0.08773899775211681,0.5862953136065112,0.1381961667445059,0.8596974378701973,0.06057967873090991,50.4,13.032267646115928,56.2,22.03088740836374
hierarchical_intelligent_no_fairness,C1,5,61.6,23.66938951472978,2.4,3.0066592756745814,2.2,2.9933259094191533,0.2,0.4,0.5333333333333333,0.4521553322083512,0.65,0.43588989435406733,0.5333333333333333,0.4521553322083512,0.5066778901105419,0.058355218744592006,0.5877850826226166,0.09422972041580385,0.8212161619658583,0.06838245294925545,41.8,12.734205903785284,85.2,27.432827050816325
hierarchical_intelligent_no_fairness,C10,5,76.8,24.028316628511455,3.2,3.54400902933387,2.8,3.655133376499413,0.4,0.4898979485566356,0.6333333333333333,0.3711842908553348,0.6,0.4898979485566356,0.6333333333333333,0.3711842908553348,0.5675337120104205,0.056495974852612006,0.5762038958144637,0.03977307605064042,0.841069714983431,0.10181833647010549,46.8,16.436544649043483,70.2,37.2687536684553
hierarchical_intelligent_no_fairness,C11,5,56,5.656854249492381,6.4,3.666060555964672,6.2,3.4871191548325386,0.2,0.4,0.78,0.3919183588453085,0.2,0.4,0.78,0.3919183588453085,0.5881267514167485,0.07530206951584553,0.6625995147469221,0.15486806720526958,0.9018634044971711,0.08105031285141967,49.6,15.512575543732252,57.6,12.784365451597509
hierarchical_intelligent_no_fairness,C12,5,65,20.630075133164205,5.6,4.586937976471886,5.2,4.308131845707603,0.4,0.4898979485566356,0.5555555555555556,0.4554200340426488,0.45,0.458257569495584,0.5555555555555556,0.4554200340426488,0.5844715087615917,0.048475630888676145,0.6152893227297621,0.02916788664892721,0.830051579169139,0.06619828073066186,50.2,22.61327044016411,70,34.158454297582026
hierarchical_intelligent_no_fairness,C13,5,76.6,17.165080832900262,2.8,3.1874754901018454,2.4,3.3226495451672298,0.4,0.4898979485566356,0.6,0.37416573867739417,0.5,0.4183300132670378,0.6,0.37416573867739417,0.48543156283261973,0.12846777233849493,0.553783547732545,0.12351728890947888,0.8267025429345177,0.12023011476695057,48,21.60555484129024,69.8,29.226015807838056
hierarchical_intelligent_no_fairness,C14,5,82.8,37.231169737197355,5,4.1952353926806065,5,4.1952353926806065,0,0.0,0.8,0.4,0.5,0.4472135954999579,0.8,0.4,0.6008894056715586,0.045169761846957576,0.5598819771571294,0.11946111641217229,0.8351915991966355,0.06366851691527946,56.4,11.46472851837321,70.4,45.292825038851355
hierarchical_intelligent_no_fairness,C15,5,62,5.253570214625479,1,0.8944271909999159,1,0.8944271909999159,0,0.0,0.6,0.4898979485566356,0.75,0.3872983346207417,0.6,0.4898979485566356,0.5882539958119308,0.04391296323771511,0.5967488725894754,0.05319061403401386,0.8247886862333963,0.06290855791325244,38.8,16.117071694324622,84.4,18.24938355123263
hierarchical_intelligent_no_fairness,C16,5,77.4,14.554724318928201,5.6,3.878143885933063,5.4,3.97994974842648,0.2,0.4,0.75,0.3872983346207417,0.25,0.3872983346207417,0.75,0.3872983346207417,0.5457691093027287,0.0648921020609554,0.5703174746488568,0.10885430327571345,0.8397028739629127,0.06945858948840661,49.2,17.679366504487653,49.8,32.91443452347313
hierarchical_intelligent_no_fairness,C17,5,64.8,13.6,4.6,4.454211490264018,3.4,3.3823069050575527,1.2,1.1661903789690602,0.6,0.34058772731852804,0.4,0.37416573867739417,0.6,0.34058772731852804,0.5134067456455329,0.10659510199165083,0.5134155247483663,0.08585059446697824,0.777707620205306,0.11736609589929194,57,16.024980499208105,44,39.084523791393444
hierarchical_intelligent_no_fairness,C18,5,72.4,29.213695418416343,3,1.4142135623730951,3,1.4142135623730951,0,0.0,1.0,0.0,0.4,0.25495097567963926,1.0,0.0,0.5099235665774904,0.10230694022717893,0.5008234441371315,0.02241776434823233,0.8374908011419445,0.04124390116121338,45,20.189105973271822,44,36.41977484828812
hierarchical_intelligent_no_fairness,C19,5,53.8,21.664717861075413,3,3.794733192202055,2.2,3.4292856398964493,0.8,1.1661903789690602,0.43,0.4354308211415448,0.6,0.4898979485566356,0.43,0.4354308211415448,0.5588771595362756,0.06914391411219949,0.5763388673325519,0.09704582509656381,0.8179079020613609,0.13808216770927226,47.6,16.16910634512619,76.6,48.27670245573945
hierarchical_intelligent_no_fairness,C2,5,76.4,22.38392280186831,5.4,3.1368774282716245,5.2,3.4292856398964493,0.2,0.4,0.8,0.4,0.35,0.37416573867739417,0.8,0.4,0.5858650438440219,0.03927282369017501,0.5231497666144556,0.15937645356323554,0.804915649415599,0.07746897300202722,41,10.411532067856296,40.2,17.83704011320264
hierarchical_intelligent_no_fairness,C20,5,98.2,26.40757467091592,3,3.3466401061363023,3,3.3466401061363023,0,0.0,0.6,0.4898979485566356,0.6,0.4898979485566356,0.6,0.4898979485566356,0.6118265632430223,0.030261771555823998,0.6288925509852762,0.04584893799590745,0.8582424088783493,0.024741520372642184,42.4,18.778711350888802,83.8,32.43084951092092
hierarchical_intelligent_no_fairness,C3,5,58.8,18.214280112043955,2,1.7888543819998317,1.4,1.2,0.6,0.8,0.45,0.4,0.65,0.43588989435406733,0.45,0.4,0.5314800268144226,0.06552564936065787,0.5381507219923419,0.09947706813564952,0.8104459034031671,0.13473515467578712,43.4,18.084247288731707,82.8,22.990432792794483
hierarchical_intelligent_no_fairness,C4,5,82.8,25.43540839066674,6.6,3.8262252939417984,6.6,3.8262252939417984,0,0.0,1.0,0.0,0.1,0.2,1.0,0.0,0.512343531826066,0.05401881494188358,0.5576203997769799,0.058401550329636114,0.8402317942019139,0.02436786459218464,55,19.88969582472291,47.8,39.280529527998986
hierarchical_intelligent_no_fairness,C5,5,64.8,17.16275036233995,4,3.9496835316262997,3.8,4.019950248448356,0.2,0.4,0.5333333333333333,0.4521553322083512,0.5,0.4472135954999579,0.5333333333333333,0.4521553322083512,0.5844102277854324,0.04268519921469717,0.6299361502599897,0.07203210552236192,0.8409486291426146,0.09606172159529566,47.2,14.048487463068756,92.4,27.63765547219952
hierarchical_intelligent_no_fairness,C6,5,79,27.24701818548224,6.8,2.925747767665559,5.8,3.6,1,0.8944271909999159,0.7761904761904762,0.19610724078070477,0.05,0.1,0.7761904761904762,0.19610724078070477,0.5417364404121807,0.059261337171933194,0.525242693944613,0.09670775843698114,0.7427101952160123,0.0754165298930857,55.4,12.737346662472527,48.8,19.913814300630605
hierarchical_intelligent_no_fairness,C7,5,85.8,27.117522010685267,1.8,2.227105745132009,1.8,2.227105745132009,0,0.0,0.6,0.4898979485566356,0.7,0.4,0.6,0.4898979485566356,0.5267311757536163,0.0696135896972595,0.6098596252620319,0.08521033375233183,0.8438334148239185,0.04505148047846673,37.6,13.92264342716569,66,37.44329045369811
hierarchical_intelligent_no_fairness,C8,5,75,16.29723902997069,4,3.286335345030997,3.6,3.5552777669262356,0.4,0.4898979485566356,0.8,0.2449489742783178,0.5,0.4472135954999579,0.8,0.2449489742783178,0.5433842228242708,0.05382531445967922,0.5364012784745031,0.1617064572459878,0.8211687356129489,0.11013248275601695,51.6,18.05103875127412,77.8,34.33598695246723
hierarchical_intelligent_no_fairness,C9,5,67,14.791889669680478,3.8,3.4292856398964493,3.6,3.0724582991474434,0.2,0.4,0.98,0.03999999999999999,0.35,0.25495097567963926,0.98,0.03999999999999999,0.5609180386353718,0.08773899775211681,0.5727326209929893,0.11003995822149518,0.8270809324582292,0.05061309897344135,50.4,13.032267646115928,56.2,22.03088740836374
hierarchical_intelligent_no_filter,C1,5,61.6,23.66938951472978,4,1.4142135623730951,4,1.4142135623730951,0,0.0,1.0,0.0,0.15,0.2,1.0,0.0,0.5066778901105419,0.058355218744592006,0.4605664795429778,0.11917695587979307,0.7908017820363618,0.07177675169994444,41.8,12.734205903785284,85.2,27.432827050816325
hierarchical_intelligent_no_filter,C10,5,76.8,24.028316628511455,4.6,0.8,4.6,0.8,0,0.0,1.0,0.0,0.2,0.18708286933869708,1.0,0.0,0.5675337120104205,0.056495974852612006,0.49603027042616815,0.07449787473784299,0.8416768647055609,0.029585085873794256,46.8,16.436544649043483,70.2,37.2687536684553
hierarchical_intelligent_no_filter,C11,5,56,5.656854249492381,3.6,0.4898979485566356,3.6,0.4898979485566356,0,0.0,1.0,0.0,0.3,0.29154759474226505,1.0,0.0,0.5881267514167485,0.07530206951584553,0.626902459121088,0.13362999318306526,0.8904827349992893,0.05973926017836499,49.6,15.512575543732252,57.6,12.784365451597509
hierarchical_intelligent_no_filter,C12,5,65,20.630075133164205,5.2,1.1661903789690602,5.2,1.1661903789690602,0,0.0,1.0,0.0,0.25,0.31622776601683794,1.0,0.0,0.5844715087615917,0.048475630888676145,0.5302882681940772,0.11742066243636576,0.8252745711201753,0.05745680266242417,50.2,22.61327044016411,70,34.158454297582026
hierarchical_intelligent_no_filter,C13,5,76.6,17.165080832900262,4.6,1.019803902718557,4.6,1.019803902718557,0,0.0,1.0,0.0,0.3,0.29154759474226505,1.0,0.0,0.48543156283261973,0.12846777233849493,0.46532219567970484,0.14751374744775417,0.8167004528459223,0.06918041075210939,48,21.60555484129024,69.8,29.226015807838056
hierarchical_intelligent_no_filter,C14,5,82.8,37.231169737197355,3.8,1.7204650534085253,3.8,1.7204650534085253,0,0.0,1.0,0.0,0.35,0.43588989435406733,1.0,0.0,0.6008894056715586,0.045169761846957576,0.5490157854839341,0.09285223889082633,0.8314580696899498,0.04426443220266808,56.4,11.46472851837321,70.4,45.292825038851355
hierarchical_intelligent_no_filter,C15,5,62,5.253570214625479,3.6,1.019803902718557,3.6,1.019803902718557,0,0.0,1.0,0.0,0.25,0.27386127875258304,1.0,0.0,0.5882539958119308,0.04391296323771511,0.5713341387286741,0.04387564257262909,0.8356459517294432,0.03224698990733575,38.8,16.117071694324622,84.4,18.24938355123263
hierarchical_intelligent_no_filter,C16,5,77.4,14.554724318928201,3.6,1.7435595774162693,3.6,1.7435595774162693,0,0.0,1.0,0.0,0.3,0.2449489742783178,1.0,0.0,0.5457691093027287,0.0648921020609554,0.5566503500910931,0.12828768672748314,0.8390063882023606,0.0688830611638489,49.2,17.679366504487653,49.8,32.91443452347313
hierarchical_intelligent_no_filter,C17,5,64.8,13.6,4.4,2.1540659228538015,4.4,2.1540659228538015,0,0.0,1.0,0.0,0.25,0.3872983346207417,1.0,0.0,0.5134067456455329,0.10659510199165083,0.4645952032866682,0.09171977775330448,0.8249405787155315,0.04287431692202405,57,16.024980499208105,44,39.084523791393444
hierarchical_intelligent_no_filter,C18,5,72.4,29.213695418416343,4,1.4142135623730951,4,1.4142135623730951,0,0.0,1.0,0.0,0.4,0.37416573867739417,1.0,0.0,0.5099235665774904,0.10230694022717893,0.496030181530848,0.07915588500160366,0.8238051961977917,0.043466159092516846,45,20.189105973271822,44,36.41977484828812
hierarchical_intelligent_no_filter,C19,5,53.8,21.664717861075413,3.6,0.8,3.6,0.8,0,0.0,1.0,0.0,0.55,0.18708286933869708,1.0,0.0,0.5588771595362756,0.06914391411219949,0.5076124879953501,0.09024450851489008,0.832478999735275,0.02943140383172423,47.6,16.16910634512619,76.6,48.27670245573945
hierarchical_intelligent_no_filter,C2,5,76.4,22.38392280186831,4,1.4142135623730951,4,1.4142135623730951,0,0.0,1.0,0.0,0.3,0.18708286933869708,1.0,0.0,0.5858650438440219,0.03927282369017501,0.5478775562755809,0.12730756607535332,0.8482831364503178,0.05755047989753457,41,10.411532067856296,40.2,17.83704011320264
hierarchical_intelligent_no_filter,C20,5,98.2,26.40757467091592,3.6,0.4898979485566356,3.6,0.4898979485566356,0,0.0,1.0,0.0,0.4,0.37416573867739417,1.0,0.0,0.6118265632430223,0.030261771555823998,0.6159207924753847,0.0743912770982634,0.8677044310524702,0.03344277193375117,42.4,18.778711350888802,83.8,32.43084951092092
hierarchical_intelligent_no_filter,C3,5,58.8,18.214280112043955,4,1.0954451150103321,4,1.0954451150103321,0,0.0,1.0,0.0,0.4,0.37416573867739417,1.0,0.0,0.5314800268144226,0.06552564936065787,0.4445618333141505,0.08514598887861251,0.8139430746377534,0.05529881429648958,43.4,18.084247288731707,82.8,22.990432792794483
hierarchical_intelligent_no_filter,C4,5,82.8,25.43540839066674,4,0.6324555320336759,4,0.6324555320336759,0,0.0,1.0,0.0,0.1,0.1224744871391589,1.0,0.0,0.512343531826066,0.05401881494188358,0.5355783688158088,0.040735034288534804,0.8311509883222004,0.015634311385623937,55,19.88969582472291,47.8,39.280529527998986
hierarchical_intelligent_no_filter,C5,5,64.8,17.16275036233995,4.2,1.6,4.2,1.6,0,0.0,1.0,0.0,0.4,0.406201920231798,1.0,0.0,0.5844102277854324,0.04268519921469717,0.5541692675826105,0.10456771601298238,0.8408317665391241,0.05674426794931456,47.2,14.048487463068756,92.4,27.63765547219952
hierarchical_intelligent_no_filter,C6,5,79,27.24701818548224,4.6,1.4966629547095767,4.6,1.4966629547095767,0,0.0,1.0,0.0,0.15,0.2,1.0,0.0,0.5417364404121807,0.059261337171933194,0.5486257939363937,0.10208716411265822,0.8525243650405636,0.02823039038189498,55.4,12.737346662472527,48.8,19.913814300630605
hierarchical_intelligent_no_filter,C7,5,85.8,27.117522010685267,4,0.8944271909999159,4,0.8944271909999159,0,0.0,1.0,0.0,0.25,0.27386127875258304,1.0,0.0,0.5267311757536163,0.0696135896972595,0.5148867797132207,0.12137443916193374,0.8081716840246796,0.056022715578523966,37.6,13.92264342716569,66,37.44329045369811
hierarchical_intelligent_no_filter,C8,5,75,16.29723902997069,3,1.0954451150103321,3,1.0954451150103321,0,0.0,1.0,0.0,0.55,0.33166247903553997,1.0,0.0,0.5433842228242708,0.05382531445967922,0.5173754248514172,0.14362297464845045,0.8532187538277385,0.07387169339262861,51.6,18.05103875127412,77.8,34.33598695246723
hierarchical_intelligent_no_filter,C9,5,67,14.791889669680478,3.6,1.019803902718557,3.6,1.019803902718557,0,0.0,1.0,0.0,0.3,0.18708286933869708,1.0,0.0,0.5609180386353718,0.08773899775211681,0.5717126397342972,0.11179963993610506,0.8622940198433195,0.0327663737062225,50.4,13.032267646115928,56.2,22.03088740836374
hierarchical_random_fedavg,C1,5,61.6,23.66938951472978,4,0.8944271909999159,4,0.8944271909999159,0,0.0,1.0,0.0,0.6,0.406201920231798,1.0,0.0,0.5066778901105419,0.058355218744592006,0.4326561135338043,0.16881816629820967,0.7780879218863085,0.10120464753537044,41.8,12.734205903785284,85.2,27.432827050816325
hierarchical_random_fedavg,C10,5,76.8,24.028316628511455,4.8,1.1661903789690602,4.8,1.1661903789690602,0,0.0,1.0,0.0,0.25,0.3872983346207417,1.0,0.0,0.5675337120104205,0.056495974852612006,0.4878443916432572,0.06964509933785112,0.8347071889624355,0.034046614610621764,46.8,16.436544649043483,70.2,37.2687536684553
hierarchical_random_fedavg,C11,5,56,5.656854249492381,5.2,0.9797958971132712,5.2,0.9797958971132712,0,0.0,1.0,0.0,0.35,0.25495097567963926,1.0,0.0,0.5881267514167485,0.07530206951584553,0.6024055701754232,0.12944276338478944,0.8706201297809124,0.06946335476213988,49.6,15.512575543732252,57.6,12.784365451597509
hierarchical_random_fedavg,C12,5,65,20.630075133164205,3.6,1.2,3.6,1.2,0,0.0,1.0,0.0,0.2,0.18708286933869708,1.0,0.0,0.5844715087615917,0.048475630888676145,0.561135479054914,0.09469218071131952,0.8522210330404325,0.04131701690709748,50.2,22.61327044016411,70,34.158454297582026
hierarchical_random_fedavg,C13,5,76.6,17.165080832900262,5.2,0.7483314773547883,5.2,0.7483314773547883,0,0.0,1.0,0.0,0.15,0.2,1.0,0.0,0.48543156283261973,0.12846777233849493,0.45736640764649766,0.1541603020845855,0.8063133017429485,0.0700399219539624,48,21.60555484129024,69.8,29.226015807838056
hierarchical_random_fedavg,C14,5,82.8,37.231169737197355,3.8,1.469693845669907,3.8,1.469693845669907,0,0.0,1.0,0.0,0.3,0.3674234614174767,1.0,0.0,0.6008894056715586,0.045169761846957576,0.5335422244121538,0.08689944784647444,0.822138766391401,0.029588642150058596,56.4,11.46472851837321,70.4,45.292825038851355
hierarchical_random_fedavg,C15,5,62,5.253570214625479,2.8,0.9797958971132712,2.8,0.9797958971132712,0,0.0,1.0,0.0,0.45,0.18708286933869708,1.0,0.0,0.5882539958119308,0.04391296323771511,0.601718290205439,0.07906516821187255,0.8452621770884042,0.03110148631621835,38.8,16.117071694324622,84.4,18.24938355123263
hierarchical_random_fedavg,C16,5,77.4,14.554724318928201,3.2,0.9797958971132712,3.2,0.9797958971132712,0,0.0,1.0,0.0,0.45,0.4,1.0,0.0,0.5457691093027287,0.0648921020609554,0.5848581537865732,0.10272313540766198,0.8624122233082934,0.04584929322192549,49.2,17.679366504487653,49.8,32.91443452347313
hierarchical_random_fedavg,C17,5,64.8,13.6,3.6,1.7435595774162693,3.6,1.7435595774162693,0,0.0,1.0,0.0,0.35,0.37416573867739417,1.0,0.0,0.5134067456455329,0.10659510199165083,0.47843006458086956,0.0691840727779763,0.8503028937736542,0.040012821343507664,57,16.024980499208105,44,39.084523791393444
hierarchical_random_fedavg,C18,5,72.4,29.213695418416343,3.8,1.1661903789690602,3.8,1.1661903789690602,0,0.0,1.0,0.0,0.25,0.22360679774997896,1.0,0.0,0.5099235665774904,0.10230694022717893,0.4763281834538791,0.06706755483895331,0.8154263838672213,0.04588795782435084,45,20.189105973271822,44,36.41977484828812
hierarchical_random_fedavg,C19,5,53.8,21.664717861075413,4.6,1.019803902718557,4.6,1.019803902718557,0,0.0,1.0,0.0,0.45,0.4,1.0,0.0,0.5588771595362756,0.06914391411219949,0.4776828572533954,0.07058720128167881,0.8151368001040595,0.04186454315295603,47.6,16.16910634512619,76.6,48.27670245573945
hierarchical_random_fedavg,C2,5,76.4,22.38392280186831,2.2,1.1661903789690602,2.2,1.1661903789690602,0,0.0,1.0,0.0,0.65,0.3391164991562634,1.0,0.0,0.5858650438440219,0.03927282369017501,0.5865312007085232,0.08287570480774777,0.8851499265483584,0.05641085628972994,41,10.411532067856296,40.2,17.83704011320264
hierarchical_random_fedavg,C20,5,98.2,26.40757467091592,4.2,1.6,4.2,1.6,0,0.0,1.0,0.0,0.3,0.4,1.0,0.0,0.6118265632430223,0.030261771555823998,0.6007435818679002,0.08513584130627774,0.8685301939910358,0.0340715563102754,42.4,18.778711350888802,83.8,32.43084951092092
hierarchical_random_fedavg,C3,5,58.8,18.214280112043955,2.6,1.019803902718557,2.6,1.019803902718557,0,0.0,1.0,0.0,0.45,0.458257569495584,1.0,0.0,0.5314800268144226,0.06552564936065787,0.48437280347535405,0.06793766387081983,0.8440774802655453,0.04423884965916662,43.4,18.084247288731707,82.8,22.990432792794483
hierarchical_random_fedavg,C4,5,82.8,25.43540839066674,5.4,1.019803902718557,5.4,1.019803902718557,0,0.0,1.0,0.0,0.1,0.2,1.0,0.0,0.512343531826066,0.05401881494188358,0.509185266733637,0.05676720757387058,0.8175089438847186,0.023996022362462188,55,19.88969582472291,47.8,39.280529527998986
hierarchical_random_fedavg,C5,5,64.8,17.16275036233995,3.4,1.4966629547095767,3.4,1.4966629547095767,0,0.0,1.0,0.0,0.45,0.458257569495584,1.0,0.0,0.5844102277854324,0.04268519921469717,0.5633757994950424,0.0993774915400263,0.8437684719816463,0.07043406360665758,47.2,14.048487463068756,92.4,27.63765547219952
hierarchical_random_fedavg,C6,5,79,27.24701818548224,4.6,2.244994432064365,4.6,2.244994432064365,0,0.0,1.0,0.0,0.2,0.18708286933869708,1.0,0.0,0.5417364404121807,0.059261337171933194,0.5818455757104727,0.12478852791146287,0.8703097963212849,0.04923972736751178,55.4,12.737346662472527,48.8,19.913814300630605
hierarchical_random_fedavg,C7,5,85.8,27.117522010685267,4.6,1.624807680927192,4.6,1.624807680927192,0,0.0,1.0,0.0,0.25,0.22360679774997896,1.0,0.0,0.5267311757536163,0.0696135896972595,0.4876381320202563,0.12350368000473955,0.7969971587037428,0.060762968428007186,37.6,13.92264342716569,66,37.44329045369811
hierarchical_random_fedavg,C8,5,75,16.29723902997069,4.6,2.4979991993593593,4.6,2.4979991993593593,0,0.0,0.8,0.4,0.3,0.3674234614174767,0.8,0.4,0.5433842228242708,0.05382531445967922,0.5388465168012864,0.16905467232940927,0.8634452498970947,0.08475437595287408,51.6,18.05103875127412,77.8,34.33598695246723
hierarchical_random_fedavg,C9,5,67,14.791889669680478,3.8,1.7204650534085253,3.8,1.7204650534085253,0,0.0,1.0,0.0,0.3,0.2449489742783178,1.0,0.0,0.5609180386353718,0.08773899775211681,0.543661085986483,0.11620643814006337,0.8401489603454283,0.03519152703738942,50.4,13.032267646115928,56.2,22.03088740836374
proposed,C1,5,61.6,23.66938951472978,3.6,1.3564659966250536,3.6,1.3564659966250536,0,0.0,1.0,0.0,0.4,0.37416573867739417,1.0,0.0,0.5066778901105419,0.058355218744592006,0.4466159049826378,0.10989003885843199,0.786683285504086,0.0683806899133796,41.8,12.734205903785284,85.2,27.432827050816325
proposed,C10,5,76.8,24.028316628511455,4.6,0.8,4,0.0,0.6,0.8,0.8933333333333333,0.13727506854649335,0.2,0.18708286933869708,0.8933333333333333,0.13727506854649335,0.5675337120104205,0.056495974852612006,0.47495399257564735,0.05717991177346333,0.7817964781681406,0.07568655338599387,46.8,16.436544649043483,70.2,37.2687536684553
proposed,C11,5,56,5.656854249492381,3.4,1.019803902718557,3.4,1.019803902718557,0,0.0,1.0,0.0,0.15,0.2,1.0,0.0,0.5881267514167485,0.07530206951584553,0.621739226642971,0.13096592406398652,0.8893510764932887,0.05700298201133941,49.6,15.512575543732252,57.6,12.784365451597509
proposed,C12,5,65,20.630075133164205,4.6,1.019803902718557,4.2,1.1661903789690602,0.4,0.4898979485566356,0.91,0.11135528725660043,0.35,0.3391164991562634,0.91,0.11135528725660043,0.5844715087615917,0.048475630888676145,0.5063837458997359,0.11037783782878971,0.7831798129951385,0.04425919715159627,50.2,22.61327044016411,70,34.158454297582026
proposed,C13,5,76.6,17.165080832900262,4.6,1.019803902718557,3.8,1.1661903789690602,0.8,0.4,0.81,0.11035296904831234,0.45,0.3674234614174767,0.81,0.11035296904831234,0.48543156283261973,0.12846777233849493,0.43583110679337544,0.12702480671871522,0.7198986612509116,0.07347066828241265,48,21.60555484129024,69.8,29.226015807838056
proposed,C14,5,82.8,37.231169737197355,4.6,0.8,4.4,0.8,0.2,0.4,0.96,0.07999999999999997,0.3,0.4,0.96,0.07999999999999997,0.6008894056715586,0.045169761846957576,0.5127195380509187,0.09875465611730168,0.7907621222012662,0.06924609688151243,56.4,11.46472851837321,70.4,45.292825038851355
proposed,C15,5,62,5.253570214625479,3.8,0.4,3.8,0.4,0,0.0,1.0,0.0,0.25,0.27386127875258304,1.0,0.0,0.5882539958119308,0.04391296323771511,0.5706509021455233,0.07457415171624569,0.8335851021042715,0.033542534866609346,38.8,16.117071694324622,84.4,18.24938355123263
proposed,C16,5,77.4,14.554724318928201,4.4,2.0591260281974,4.2,1.7204650534085253,0.2,0.4,0.975,0.05,0.1,0.2,0.975,0.05,0.5457691093027287,0.0648921020609554,0.53474505136145,0.12120984145821062,0.819658476720636,0.08687075854826935,49.2,17.679366504487653,49.8,32.91443452347313
proposed,C17,5,64.8,13.6,3.8,2.1354156504062622,3.6,1.8547236990991407,0.2,0.4,0.9714285714285714,0.05714285714285716,0.45,0.3674234614174767,0.9714285714285714,0.05714285714285716,0.5134067456455329,0.10659510199165083,0.44585206025002816,0.07646741620078275,0.7926054159498882,0.06971093276537477,57,16.024980499208105,44,39.084523791393444
proposed,C18,5,72.4,29.213695418416343,3.4,0.8,3,0.6324555320336759,0.4,0.4898979485566356,0.9,0.1224744871391589,0.45,0.33166247903553997,0.9,0.1224744871391589,0.5099235665774904,0.10230694022717893,0.45988803753582796,0.0739076423258898,0.7724918266846658,0.039691368510799005,45,20.189105973271822,44,36.41977484828812
proposed,C19,5,53.8,21.664717861075413,4,0.6324555320336759,3.6,1.019803902718557,0.4,0.4898979485566356,0.8833333333333333,0.1452966314513558,0.3,0.18708286933869708,0.8833333333333333,0.1452966314513558,0.5588771595362756,0.06914391411219949,0.5173699224256492,0.09999815722643011,0.8021355234461176,0.0510020074806922,47.6,16.16910634512619,76.6,48.27670245573945
proposed,C2,5,76.4,22.38392280186831,3.8,1.7204650534085253,3.6,1.3564659966250536,0.2,0.4,0.9714285714285714,0.05714285714285716,0.2,0.18708286933869708,0.9714285714285714,0.05714285714285716,0.5858650438440219,0.03927282369017501,0.5562095229039439,0.1271590405928772,0.8255663075683763,0.05747683732170511,41,10.411532067856296,40.2,17.83704011320264
proposed,C20,5,98.2,26.40757467091592,3.4,1.019803902718557,3.2,0.9797958971132712,0.2,0.4,0.95,0.1,0.6,0.406201920231798,0.95,0.1,0.6118265632430223,0.030261771555823998,0.5856963396582584,0.08580596397748,0.8328387593736313,0.0859339583857362,42.4,18.778711350888802,83.8,32.43084951092092
proposed,C3,5,58.8,18.214280112043955,4.2,1.6,4,1.6733200530681511,0.2,0.4,0.95,0.1,0.35,0.2,0.95,0.1,0.5314800268144226,0.06552564936065787,0.4514572538765868,0.07604200811280505,0.7955328973698307,0.069168212555049,43.4,18.084247288731707,82.8,22.990432792794483
proposed,C4,5,82.8,25.43540839066674,3.4,0.4898979485566356,2.8,0.7483314773547883,0.6,0.4898979485566356,0.8166666666666667,0.1527525231651947,0.25,0.22360679774997896,0.8166666666666667,0.1527525231651947,0.512343531826066,0.05401881494188358,0.5093609406319481,0.0686689442460628,0.7561468413635385,0.07726918960352555,55,19.88969582472291,47.8,39.280529527998986
proposed,C5,5,64.8,17.16275036233995,4.2,1.7204650534085253,3.8,1.1661903789690602,0.4,0.8,0.9428571428571428,0.11428571428571428,0.15,0.1224744871391589,0.9428571428571428,0.11428571428571428,0.5844102277854324,0.04268519921469717,0.5530422243747752,0.10689987018809112,0.8183578945900698,0.09361435853757998,47.2,14.048487463068756,92.4,27.63765547219952
proposed,C6,5,79,27.24701818548224,4.6,1.4966629547095767,4.2,1.3266499161421599,0.4,0.4898979485566356,0.9266666666666666,0.09043106644167022,0.35,0.43588989435406733,0.9266666666666666,0.09043106644167022,0.5417364404121807,0.059261337171933194,0.5210484089548865,0.10034666390602826,0.7974367770748291,0.0889612776978671,55.4,12.737346662472527,48.8,19.913814300630605
proposed,C7,5,85.8,27.117522010685267,4,1.2649110640673518,4,1.2649110640673518,0,0.0,1.0,0.0,0.35,0.2,1.0,0.0,0.5267311757536163,0.0696135896972595,0.5064636678165422,0.128336613432636,0.80599393141042,0.062229118362509835,37.6,13.92264342716569,66,37.44329045369811
proposed,C8,5,75,16.29723902997069,3.4,1.2,2.6,1.019803902718557,0.8,0.7483314773547883,0.8,0.18708286933869708,0.25,0.3872983346207417,0.8,0.18708286933869708,0.5433842228242708,0.05382531445967922,0.4990747117299077,0.164507147051446,0.7660158333765464,0.148343982293169,51.6,18.05103875127412,77.8,34.33598695246723
proposed,C9,5,67,14.791889669680478,4.2,0.9797958971132712,4,1.0954451150103321,0.2,0.4,0.95,0.1,0.15,0.2,0.95,0.1,0.5609180386353718,0.08773899775211681,0.547849158701378,0.11846538573515297,0.8353834914133246,0.041929809038752444,50.4,13.032267646115928,56.2,22.03088740836374
